Date,Predicted_Sales
2025-12-31,1216350.6998032685
2026-01-01,1253883.5542828478
2026-01-02,1268986.596510442
2026-01-03,1320886.705992002
2026-01-04,1345284.8911739606
2026-01-05,1211035.267587481
2026-01-06,1289695.7487459537
2026-01-07,1258643.5766334496
2026-01-08,1276169.3798135463
2026-01-09,1291270.3994486164
2026-01-10,1328766.3928186037
2026-01-11,1346117.6949534714
2026-01-12,1232474.774721641
2026-01-13,1276203.4268993922
2026-01-14,1262800.0727634225
2026-01-15,1294210.174204912
2026-01-16,1310945.073340727
2026-01-17,1339891.4804650191
2026-01-18,1361818.7672222015
2026-01-19,1251853.7897778917
2026-01-20,1277676.868146535
2026-01-21,1276981.3752225675
2026-01-22,1308827.1900796033
2026-01-23,1323830.8137780055
2026-01-24,1348357.7660014257
2026-01-25,1371570.0868537705
2026-01-26,1265397.3558258694
2026-01-27,1275365.009082973
2026-01-28,1284314.1070889812
2026-01-29,1319004.914508896
